{
    "-1": {
        "code": "-1",
        "message": "找不到JAVA接口"
    },
    "00001": {
        "code": "00001",
        "message": "用户尚未登陆"
    },
    "10001": {
        "code": "10001",
        "message": "非法的参数"
    },
    "10002": {
        "code": "10002",
        "message": "不支持该支付方式"
    },
    "10100": {
        "code": "10100",
        "message": "当前订单不能使用该红包"
    },
    "10101": {
        "code": "10101",
        "message": "红包金额超出订单允许的红包金额"
    },
    "100200": {
        "code": "100200",
        "message": "金豆金额超出订单允许的金豆金额"
    },
    "100250": {
        "code": "100250",
        "message": "站内货币总和超过了订单保额"
    },
    "100251": {
        "code": "100251",
        "message": "订单需要至少包含一个投保单"
    },
    "100253": {
        "code": "100253",
        "message": "投保单已经超过起保日期"
    },
    "100254": {
        "code": "100254",
        "message": "投保单价格发生了变化"
    },
    "100255": {
        "code": "100255",
        "message": "出单失败"
    },
    "100256": {
        "code": "100256",
        "message": "订单未找到"
    },
    "100300": {
        "code": "100300",
        "message": "无法找到投保单"
    },
    "100302": {
        "code": "100302",
        "message": "本地数据库找不到投保单"
    },
    "100303": {
        "code": "100303",
        "message": "非法加入购物车"
    },
    "100304": {
        "code": "100304",
        "message": "健康告知保存失败"
    },
    "100305": {
        "code": "100305",
        "message": "PLUTO找不到投保单"
    },
    "100306": {
        "code": "100306",
        "message": "PLUTO保存保单失败"
    },
    "100400": {
        "code": "100400",
        "message": "无法找到产品的支付方式"
    },
    "100401": {
        "code": "100401",
        "message": "产品已下架"
    },
    "100402": {
        "code": "100402",
        "message": "产品计划获取失败"
    },
    "100501": {
        "code": "100501",
        "message": "核保失败"
    },
    "100600": {
        "code": "100600",
        "message": "超过购物车最大数量"
    },
    "100700": {
        "code": "100700",
        "message": "分摊失败"
    },
    "11101": {
        "code": "11101",
        "message": "没有权限"
    },
    "11999": {
        "code": "11999",
        "message": "JAVA系统内部错误"
    }
}
