{
	"restrictRule": {
		"restrictGenes": [{
			"protectItemId": 27,
			"name": "d保额",
			"trialGeneName": "大学教育金",
			"controlType": 3,
			"enabled": true,
			"defaultValue": "",
			"description": "",
			"display": true,
			"medit": true,
			"operDisplay": true,
			"sort": -1,
			"dictionaryList": [{
				"value": "1000",
				"min": 1000,
				"max": 1000000,
				"step": 1000,
				"type": 2,
				"unit": 3
			}]
		}, {
			"protectItemId": 26,
			"name": "C保额",
			"trialGeneName": "高中教育金",
			"controlType": 3,
			"enabled": true,
			"defaultValue": "1000",
			"description": "C保额C保额",
			"display": true,
			"medit": true,
			"operDisplay": true,
			"sort": -1,
			"dictionaryList": [{
				"value": "1000",
				"min": 1000,
				"max": 1000000,
				"step": 1000,
				"type": 2,
				"unit": 3
			}]
		}, {
			"key": "buyCount",
			"name": "购买份数",
			"trialGeneName": "购买份数",
			"controlType": 3,
			"enabled": true,
			"defaultValue": "1",
			"description": "",
			"display": true,
			"medit": true,
			"operDisplay": true,
			"sort": -1,
			"dictionaryList": [{
				"value": "1-100",
				"min": 1,
				"max": 100,
				"step": 1,
				"type": 2,
				"unit": 1
			}]
		}, {
			"protectItemId": 25,
			"name": "B保额",
			"trialGeneName": "初中教育金",
			"controlType": 3,
			"enabled": true,
			"defaultValue": "",
			"description": "B保额B保额",
			"display": true,
			"medit": true,
			"operDisplay": true,
			"sort": -1,
			"dictionaryList": [{
				"value": "1000",
				"min": 1000,
				"max": 100000,
				"step": 1000,
				"type": 1,
				"unit": 3
			}]
		}, {
			"protectItemId": 24,
			"name": "主险保额",
			"trialGeneName": "主险",
			"controlType": 0,
			"enabled": true,
			"defaultValue": "1万元",
			"description": "主险保额",
			"display": true,
			"medit": true,
			"operDisplay": true,
			"sort": -1,
			"dictionaryList": [{
				"value": "1-5",
				"min": 1,
				"max": 5,
				"step": 1,
				"type": 2,
				"unit": 2
			}]
		}, {
			"key": "jobLevel",
			"name": "职业等级",
			"trialGeneName": "职业等级",
			"controlType": 5,
			"enabled": true,
			"defaultValue": "1",
			"description": "",
			"display": true,
			"medit": true,
			"operDisplay": true,
			"sort": 0,
			"dictionaryList": [{
				"value": "1",
				"type": 1,
				"unit": 0
			}, {
				"value": "2",
				"type": 1,
				"unit": 0
			}, {
				"value": "3",
				"type": 1,
				"unit": 0
			}, {
				"value": "4",
				"type": 1,
				"unit": 0
			}, {
				"value": "5",
				"type": 1,
				"unit": 0
			}, {
				"value": "6",
				"type": 1,
				"unit": 0
			}, {
				"value": "拒保",
				"type": 1,
				"unit": 0
			}, {
				"value": "职业类别",
				"type": 1,
				"unit": 0
			}]
		}, {
			"protectItemId": 28,
			"name": "保额",
			"trialGeneName": "白血病",
			"controlType": 0,
			"enabled": false,
			"defaultValue": "不投保",
			"description": "",
			"display": true,
			"medit": true,
			"operDisplay": true,
			"sort": 0
		}, {
			"key": "insurantDateLimit",
			"name": "保障期限",
			"trialGeneName": "保障期限",
			"controlType": 0,
			"enabled": true,
			"defaultValue": "至30周岁",
			"description": "",
			"display": true,
			"medit": true,
			"operDisplay": true,
			"sort": 1,
			"dictionaryList": [{
				"value": "至30周",
				"min": 30,
				"max": 30,
				"step": 1,
				"type": 1,
				"unit": 7
			}]
		}, {
			"key": "insureAgeLimit",
			"name": "缴费年限",
			"trialGeneName": "缴费年限",
			"controlType": 0,
			"enabled": true,
			"defaultValue": "趸交",
			"description": "",
			"display": true,
			"medit": true,
			"operDisplay": true,
			"sort": 2,
			"dictionaryList": [{
				"value": "趸交",
				"min": 0,
				"max": 0,
				"step": 0,
				"type": 1,
				"unit": 0
			}, {
				"value": "3",
				"min": 3,
				"max": 3,
				"step": 0,
				"type": 1,
				"unit": 8
			}, {
				"value": "5",
				"min": 5,
				"max": 5,
				"step": 0,
				"type": 1,
				"unit": 8
			}, {
				"value": "10",
				"min": 10,
				"max": 10,
				"step": 0,
				"type": 1,
				"unit": 8
			}]
		}, {
			"key": "paymentType",
			"name": "缴费类型",
			"trialGeneName": "缴费类型",
			"controlType": 0,
			"enabled": true,
			"defaultValue": "一次性",
			"description": "",
			"display": true,
			"medit": true,
			"operDisplay": true,
			"sort": 2,
			"dictionaryList": [{
				"value": "一次性",
				"min": 0,
				"max": 0,
				"step": 0,
				"type": 1,
				"unit": 0
			}, {
				"value": "年交",
				"min": 0,
				"max": 0,
				"step": 0,
				"type": 1,
				"unit": 0
			}]
		}, {
			"key": "insurantDate",
			"name": "承保年龄",
			"trialGeneName": "承保年龄",
			"controlType": 1,
			"enabled": true,
			"defaultValue": "2016-02-09",
			"description": "",
			"display": true,
			"medit": true,
			"operDisplay": true,
			"sort": 3,
			"dictionaryList": [{
				"value": "0-17",
				"min": 0,
				"max": 17,
				"step": 1,
				"type": 2,
				"unit": 7,
				"subrestrict": {
					"min": 1,
					"max": -31,
					"condition": 0,
					"unit": 10
				}
			}]
		}, {
			"key": "sex",
			"name": "性别",
			"trialGeneName": "性别",
			"controlType": 0,
			"enabled": true,
			"defaultValue": "男",
			"description": "",
			"display": true,
			"medit": true,
			"operDisplay": true,
			"sort": 3,
			"dictionaryList": [{
				"value": "女",
				"min": 0,
				"max": 0,
				"step": 0,
				"type": 1,
				"unit": 0
			}, {
				"value": "男",
				"min": 0,
				"max": 0,
				"step": 0,
				"type": 1,
				"unit": 0
			}]
		}],
		"preminum": 763600,
		"protectTrialItemList": [{
			"trialItemId": 2,
			"protectItemId": 82,
			"name": "疾病身故保险金",
			"premium": 100000,
			"fullPremium": "10万元",
			"description": "",
			"unit": 2,
			"premiumType": 2,
			"displayType": 0
		}, {
			"trialItemId": 2,
			"protectItemId": 85,
			"name": "疾病身故保险金",
			"description": "",
			"relateCoverageId": 24
		}]
	},
	"right": {
		"totalSV": 0,
		"satisfaction": "0%",
		"impressionList": [],
		"promiseList": []
	},
	"analysis": "",
	"claimsSettlementGuide": {
		"flowsheetList": []
	},
	"faq": [],
	"comments": {
		"feedback": {
			"satisfaction": "0%",
			"impressionList": []
		},
		"data": [{
			"total": 0,
			"pageSize": 10,
			"pageIndex": 1,
			"skip": 0,
			"data": []
		}, {
			"total": 0,
			"pageSize": 10,
			"pageIndex": 1,
			"skip": 0,
			"data": []
		}, {
			"total": 0,
			"pageSize": 10,
			"pageIndex": 1,
			"skip": 0,
			"data": []
		}]
	},
	"marketingStrategy": [],
	"recommendProgram": [],
	"security": {
		"productId": 10021,
		"baseProductId": 10014,
		"productName": "三丰-教育金",
		"companyId": 1,
		"companyName": "中国人寿保险股份有限公司",
		"companyLogo": "http://images.hzins.com/upload/admin/7/79/79b/79be/79be3a08ba9a42589e3d24d6821c0620.gif",
		"supportShoppingCart": true,
		"planList": [{
			"planName": "教育金",
			"basePlanId": 10012,
			"planId": 20024,
			"benefitList": [],
			"salePromotionList": [{
				"activityName": "0.0",
				"typeCode": 0,
				"typeName": "MZ"
			}]
		}],
		"loginBuy": false
	}
}