{
    "apps": [{
        "name": "hz-refactor-server",
        "cwd": "/data/huize-node",
        "script": "bin/www",
        "exec_mode": "cluster",
        "instances": "0",
        "args": ["--enable-logs", "-n", "15", "--color"],
        "log_date_format": "YYYY-MM-DD HH:mm Z",
        "watch": false,
        "merge_logs": true,
        "autorestart": true,
        "env": {
            "NODE_ENV": "production",
            "PORT": "8080",
            "REDIS_HOST": "oper-redis-hz.ha.com",
            "REDIS_PORT": "6379",
            "REDIS_PASS": "a5791E2a3043T",
            "RABBITMQ_HOST": "rabbitmq-rpc.ha.com",
            "RABBITMQ_USER": "hzinsapp",
            "RABBITMQ_PWD": "aGk123ap2",
            "RABBITMQ_PORT": "5672",
            "RABBITMQ_QUEUE": "Rpc_portal-pc-service",
            "PASSPORT_HOST": "http://passport.huize.com",
            "REDIS_SESSION_PREFIX": "nodejs_prod_sess:",
            "OLD_FILESERVER_HOST": "service.ha.com",
            "OLD_FILESERVER_PORT": "996",
            "FILESERVER_RABBITMQ_HOST": "rabbitmq-rpc.ha.com",
            "FILESERVER_RABBITMQ_USER": "hzinsapp",
            "FILESERVER_RABBITMQ_PWD": "aGk123ap2",
            "FILESERVER_RABBITMQ_PORT": "5672",
            "LOG_LEVEL": "info"
        }
    }]
}